{
  "kappa": 18.1377,
  "T": 100,
  "agent_params_list": [
    [
      26.775,
      0.85,
      0.37,
      33.25,
      67.62,
      93.50000000000001,
      100,
      4.25,
      0.13636363636363635
    ],
    [
      187.42499999999998,
      0.85,
      0.37,
      33.25,
      67.62,
      654.5000000000001,
      700,
      29.75,
      0.75
    ]
  ],
  "agent_counts": [
    93,
    7
  ],
  "generate_P_func": "generate_prices_base",
  "A0": 6.0459,
  "P0": 112.0,
  "Afloor": 6.0459,
  "market_impact_func": "market_impact_base",
  "generate_eps0_func": "white_noise_A_base",
  "generate_eps_idiosyncratic_func": "idiosyncratic_noise_base",
  "A_scale": 6.0459,
  "P_scale": 112.0
}